Date,Day,TimeOfDay,Location,Distance,Time,Pace,Elevation,Terrain,Race,Min.Temp,Avg.Temp,Max.Temp
9/30/2019,Monday,Evening,Austin,7.19,1.12,6.4,297,Road,No,,,
9/29/2019,Sunday,Morning,Austin,14.69,2.27,6.5,816,Road,No,,,
9/28/2019,Saturday,Morning,Austin,9.2,1.61,5.7,305,Mixed,No,,,
9/27/2019,Friday,Evening,Austin,6.01,0.84,7.2,266,Road,No,,,
9/27/2019,Friday,Midday,Austin,7.01,1,7,179,Road,No,,,
9/26/2019,Thursday,Morning,Austin,8.25,1.38,6,646,Road,No,,,
9/25/2019,Wednesday,Morning,Austin,5.16,0.89,5.8,228,Road,No,,,
9/24/2019,Tuesday,Evening,Austin,2.82,0.36,7.8,98,Road,No,,,
9/24/2019,Tuesday,Morning,Austin,7.22,1.17,6.2,310,Road,No,,,
9/23/2019,Monday,Morning,Austin,6.04,1.1,5.5,158,Road,No,,,
9/22/2019,Sunday,Evening,Austin,6,1.12,5.4,243,Road,No,,,
9/21/2019,Saturday,Morning,Austin,10.67,1.99,5.4,451,Trail,No,,,
9/20/2019,Friday,Evening,Austin,10.01,1.42,7.1,260,Trail,No,,,
9/19/2019,Thursday,Afternoon,Austin,6.2,0.77,8.1,0,Treadmill,No,72,72,72
9/19/2019,Thursday,Morning,Austin,4.22,0.63,6.7,125,Road,No,,,
9/18/2019,Wednesday,Morning,Austin,7.24,1.14,6.3,248,Mixed,No,,,
9/17/2019,Tuesday,Morning,Austin,7.15,1.12,6.4,612,Road,No,,,
9/16/2019,Monday,Morning,Austin,7.09,1.17,6.1,254,Mixed,No,,,
9/15/2019,Sunday,Afternoon,Austin,4.84,0.84,5.8,188,Road,No,,,
9/14/2019,Saturday,Morning,Austin,25.96,4.65,5.6,1645,Trail,Yes,,,
9/12/2019,Thursday,Morning,Austin,4.04,0.64,6.4,129,Road,No,,,
9/11/2019,Wednesday,Evening,Austin,3.62,0.6,6.1,120,Road,No,,,
9/10/2019,Tuesday,Evening,Austin,5.64,0.91,6.2,170,Road,No,,,
9/9/2019,Monday,Morning,Austin,7.11,1.29,5.5,653,Road,No,,,
9/8/2019,Sunday,Morning,Austin,6.55,1.2,5.5,410,Mixed,No,,,
9/7/2019,Saturday,Evening,Austin,4.26,0.76,5.6,106,Road,No,,,
9/6/2019,Friday,Morning,Austin,11.02,1.93,5.7,1055,Mixed,No,,,
9/5/2019,Thursday,Morning,Austin,7.49,1.25,6,265,Mixed,No,,,
9/4/2019,Wednesday,Morning,Austin,7.54,1.25,6,253,Mixed,No,,,
9/3/2019,Tuesday,Morning,Austin,6.21,1.1,5.7,205,Road,No,,,
9/2/2019,Monday,Morning,Austin,7.25,1.26,5.7,621,Road,No,,,
9/1/2019,Sunday,Morning,Austin,6.39,1.24,5.2,395,Trail,No,,,
8/31/2019,Saturday,Morning,Austin,6.2,0.96,6.4,725,Trail,Yes,,,
8/29/2019,Thursday,Afternoon,Austin,8.65,1.49,5.8,347,Trail,No,,,
8/28/2019,Wednesday,Midday,Austin,5.79,0.91,6.4,219,Road,No,,,
8/27/2019,Tuesday,Afternoon,Austin,2,0.32,6.3,0,Treadmill,No,72,72,72
8/27/2019,Tuesday,Morning,Austin,5.43,1.02,5.3,232,Road,No,,,
8/26/2019,Monday,Morning,Austin,6.82,1.35,5.1,295,Road,No,,,
8/24/2019,Saturday,Morning,Austin,13.89,2.68,5.2,450,Trail,No,,,
8/23/2019,Friday,Morning,Austin,6.5,1.31,5,242,Mixed,No,,,
8/22/2019,Thursday,Morning,Austin,4.3,0.81,5.3,105,Road,No,,,
8/20/2019,Tuesday,Morning,Austin,3.1,0.62,5,121,Road,No,,,
8/18/2019,Sunday,Morning,Austin,19.07,3.92,4.9,1077,Trail,No,,,
8/16/2019,Friday,Morning,Austin,3.91,0.58,6.7,145,Road,No,,,
8/15/2019,Thursday,Morning,Austin,6.2,0.9,6.9,127,Trail,No,,,
8/13/2019,Tuesday,Afternoon,Austin,3.91,0.69,5.6,76,Trail,No,,,
8/12/2019,Monday,Morning,Austin,7,1.25,5.6,264,Mixed,No,,,
8/11/2019,Sunday,Morning,Austin,6.42,1.11,5.8,297,Trail,No,,,
8/10/2019,Saturday,Morning,Austin,6.95,1.62,4.3,831,Trail,No,,,
8/9/2019,Friday,Morning,Austin,5.04,0.92,5.5,164,Mixed,No,,,
8/8/2019,Thursday,Evening,Austin,4.1,0.72,5.7,0,Treadmill,No,72,72,72
8/7/2019,Wednesday,Morning,Austin,7.06,1.27,5.6,203,Mixed,No,,,
8/6/2019,Tuesday,Morning,Austin,2.5,0.45,5.5,93,Mixed,No,,,
8/6/2019,Tuesday,Morning,Austin,4.13,0.73,5.7,113,Trail,No,,,
8/5/2019,Monday,Morning,Austin,6.16,1.13,5.4,173,Road,No,,,
8/4/2019,Sunday,Afternoon,Austin,4.25,0.73,5.8,98,Trail,No,,,
8/3/2019,Saturday,Morning,Austin,16.01,2.84,5.6,467,Trail,No,,,
8/2/2019,Friday,Morning,Austin,6,1.09,5.5,78,Mixed,No,,,
8/1/2019,Thursday,Afternoon,Austin,5,0.89,5.6,166,Mixed,No,,,
8/1/2019,Thursday,Morning,Austin,1.03,0.18,5.8,32,Road,No,,,
7/31/2019,Wednesday,Morning,Austin,8.1,1.5,5.4,227,Mixed,No,,,
7/30/2019,Tuesday,Morning,Austin,10.5,1.81,5.8,315,Mixed,No,,,
7/29/2019,Monday,Morning,Austin,8.15,1.36,6,216,Mixed,No,,,
7/28/2019,Sunday,Morning,Austin,5.98,1.08,5.5,218,Road,No,,,
7/27/2019,Saturday,Morning,Austin,6,0.98,6.1,171,Mixed,No,,,
7/26/2019,Friday,Morning,Austin,7,1.24,5.7,267,Trail,No,,,
7/25/2019,Thursday,Afternoon,Austin,6.3,1.16,5.4,355,Trail,No,,,
7/24/2019,Wednesday,Morning,Austin,6,1.07,5.6,252,Trail,No,,,
7/23/2019,Tuesday,Morning,Austin,6.23,1.2,5.2,215,Trail,No,,,
7/20/2019,Saturday,Morning,Austin,18.89,3.44,5.5,1112,Trail,No,,,
7/18/2019,Thursday,Evening,Austin,5,0.92,5.5,159,Mixed,No,,,
7/17/2019,Wednesday,Morning,Austin,5.62,0.95,5.9,230,Mixed,No,,,
7/16/2019,Tuesday,Evening,Austin,2,0.34,6,56,Road,No,,,
7/15/2019,Monday,Evening,Austin,5.08,0.88,5.8,269,Mixed,No,,,
7/14/2019,Sunday,Night,Austin,1.04,0.22,4.7,32,Road,No,,,
7/13/2019,Saturday,Midday,Austin,6.77,1.3,5.2,335,Trail,No,,,
7/12/2019,Friday,Morning,Austin,7,1.25,5.6,313,Trail,No,,,
7/11/2019,Thursday,Morning,Austin,3.15,0.57,5.5,159,Road,No,,,
7/9/2019,Tuesday,Morning,Austin,8.04,1.54,5.2,375,Trail,No,,,
7/8/2019,Monday,Night,Austin,4.05,0.72,5.6,104,Mixed,No,,,
7/8/2019,Monday,Morning,Austin,5.11,0.88,5.8,230,Road,No,,,
7/7/2019,Sunday,Evening,Austin,5.46,1.07,5.1,261,Road,No,,,
7/6/2019,Saturday,Morning,Austin,10.1,1.8,5.6,283,Trail,No,,,
7/5/2019,Friday,Midday,Austin,11.1,2.13,5.2,388,Trail,No,,,
7/4/2019,Thursday,Midday,Austin,8.56,1.48,5.8,296,Trail,No,,,
7/3/2019,Wednesday,Morning,Austin,3.8,0.57,6.7,0,Treadmill,No,72,72,72
7/3/2019,Wednesday,Morning,Austin,2.21,0.35,6.3,92,Road,No,,,
7/2/2019,Tuesday,Afternoon,Austin,1.13,0.17,6.6,19,Road,No,,,
7/2/2019,Tuesday,Morning,Austin,5,0.75,6.7,0,Treadmill,No,72,72,72
7/1/2019,Monday,Afternoon,Austin,6.75,1.22,5.6,413,Trail,No,,,
6/30/2019,Sunday,Night,Austin,6.07,1.14,5.3,223,Mixed,No,,,
6/29/2019,Saturday,Morning,Austin,15.38,2.56,6,584,Trail,No,,,
6/28/2019,Friday,Morning,Austin,4.35,0.78,5.6,108,Trail,No,,,
6/27/2019,Thursday,Evening,Austin,7.38,1.27,5.8,405,Road,No,,,
6/25/2019,Tuesday,Morning,Austin,6.01,0.97,6.2,263,Mixed,No,,,
6/24/2019,Monday,Morning,Austin,7.61,1.32,5.7,256,Trail,No,,,
6/23/2019,Sunday,Morning,Austin,6.53,1.2,5.4,207,Trail,No,,,
6/22/2019,Saturday,Morning,Austin,8.4,1.57,5.3,232,Trail,No,,,
6/21/2019,Friday,Midday,Austin,1.1,0.19,5.9,18,Road,No,,,
6/21/2019,Friday,Morning,Austin,4.52,0.83,5.4,152,Trail,No,,,
6/20/2019,Thursday,Evening,Austin,3.02,0.5,6,65,Trail,No,,,
6/20/2019,Thursday,Morning,Austin,4.01,0.74,5.4,141,Road,No,,,
6/19/2019,Wednesday,Morning,Austin,8,1.5,5.3,234,Road,No,,,
6/18/2019,Tuesday,Morning,Austin,7.4,1.3,5.7,270,Trail,No,,,
6/17/2019,Monday,Morning,Austin,7.04,1.22,5.8,214,Trail,No,,,
6/16/2019,Sunday,Evening,Austin,9.05,1.51,6,324,Trail,No,,,
6/15/2019,Saturday,Morning,Terlingua,9,1.57,5.7,859,Trail,No,38,49,73
6/14/2019,Friday,Morning,Terlingua,5,0.96,5.2,318,Trail,No,72,83,94
6/13/2019,Thursday,Morning,Terlingua,8.2,1.63,5,583,Trail,No,71,81,90
6/11/2019,Tuesday,Afternoon,Terlingua,3.46,0.61,5.7,234,Trail,No,66,71,75
6/10/2019,Monday,Morning,Austin,6.55,1.26,5.2,259,Mixed,No,,,
6/9/2019,Sunday,Night,Austin,2.88,0.53,5.4,72,Road,No,,,
6/9/2019,Sunday,Morning,Austin,4.1,0.79,5.2,181,Trail,No,,,
6/8/2019,Saturday,Midday,Austin,1.8,0.3,6,0,Treadmill,No,72,72,72
6/8/2019,Saturday,Morning,Austin,5.51,0.97,5.7,279,Mixed,No,,,
6/7/2019,Friday,Morning,Austin,7.53,1.38,5.5,232,Trail,No,,,
6/6/2019,Thursday,Evening,Austin,8.2,1.43,5.7,255,Trail,No,,,
6/5/2019,Wednesday,Morning,Austin,7.02,1.31,5.3,309,Mixed,No,,,
6/4/2019,Tuesday,Morning,Austin,8,1.41,5.7,329,Trail,No,,,
6/3/2019,Monday,Morning,Austin,8.29,1.46,5.7,317,Trail,No,,,
6/2/2019,Sunday,Morning,Austin,6,1.14,5.3,240,Trail,No,,,
6/1/2019,Saturday,Midday,Austin,8.81,1.75,5,313,Trail,No,,,
5/31/2019,Friday,Evening,Austin,8,1.51,5.3,438,Trail,No,,,
5/30/2019,Thursday,Morning,Austin,7,1.42,4.9,232,Trail,No,,,
5/29/2019,Wednesday,Night,Austin,1.06,0.22,4.8,15,Road,No,,,
5/29/2019,Wednesday,Midday,Austin,5.2,1.03,5,185,Trail,No,,,
5/28/2019,Tuesday,Evening,Austin,5.06,1.18,4.3,188,Mixed,No,,,
5/27/2019,Monday,Morning,Graford,3,0.94,3.2,248,Trail,No,74,81,90
5/25/2019,Saturday,Morning,Graford,67.63,18.27,3.7,6111,Trail,Yes,74,81,92
5/23/2019,Thursday,Afternoon,Graford,2.76,0.58,4.7,174,Trail,No,78,83,90
5/22/2019,Wednesday,Afternoon,Austin,6.7,1.15,5.8,0,Treadmill,No,72,72,72
5/21/2019,Tuesday,Midday,Austin,6.15,1.18,5.2,125,Mixed,No,,,
5/20/2019,Monday,Morning,Austin,5.19,0.99,5.3,127,Road,No,,,
5/19/2019,Sunday,Evening,Austin,6.5,0.99,6.6,302,Mixed,No,,,
5/18/2019,Saturday,Night,Austin,3.6,0.67,5.4,209,Road,No,,,
5/17/2019,Friday,Evening,Austin,6.7,1.07,6.3,291,Mixed,No,,,
5/16/2019,Thursday,Morning,Austin,10.5,1.62,6.5,327,Trail,No,,,
5/15/2019,Wednesday,Evening,Austin,6.07,1.04,5.8,159,Trail,No,,,
5/14/2019,Tuesday,Morning,Austin,8.5,1.34,6.3,695,Trail,No,,,
5/13/2019,Monday,Midday,Austin,3.13,0.57,5.5,85,Mixed,No,,,
5/13/2019,Monday,Morning,Austin,3.18,0.63,5.1,93,Mixed,No,,,
5/12/2019,Sunday,Midday,Austin,5.46,0.99,5.5,144,Trail,No,,,
5/11/2019,Saturday,Morning,Austin,26.33,4.75,5.5,677,Trail,No,,,
5/10/2019,Friday,Midday,Austin,10.13,1.68,6,274,Trail,No,,,
5/9/2019,Thursday,Morning,Austin,6.03,1.1,5.5,315,Mixed,No,,,
5/8/2019,Wednesday,Morning,Austin,6.41,1.08,5.9,198,Road,No,,,
5/7/2019,Tuesday,Morning,Austin,7.33,1.31,5.6,201,Trail,No,,,
5/6/2019,Monday,Midday,Austin,7.02,1.32,5.3,192,Trail,No,,,
5/5/2019,Sunday,Midday,Austin,10.82,1.88,5.7,363,Trail,No,,,
5/4/2019,Saturday,Morning,Austin,15.01,2.8,5.4,434,Trail,No,,,
5/3/2019,Friday,Evening,Austin,1.3,0.22,6,0,Treadmill,No,72,72,72
5/2/2019,Thursday,Evening,Austin,6.03,1.07,5.7,163,Mixed,No,,,
5/1/2019,Wednesday,Afternoon,Austin,4.01,0.69,5.8,187,Mixed,No,,,
4/30/2019,Tuesday,Evening,Austin,6,1.07,5.6,244,Mixed,No,,,
4/29/2019,Monday,Midday,Austin,7.08,1.38,5.1,230,Mixed,No,,,
4/28/2019,Sunday,Midday,Austin,8.01,1.52,5.3,207,Trail,No,,,
4/27/2019,Saturday,Midday,Austin,14.03,2.21,6.3,410,Trail,No,,,
4/26/2019,Friday,Midday,Austin,8.8,1.63,5.4,377,Mixed,No,,,
4/25/2019,Thursday,Evening,Austin,6.05,1.1,5.5,280,Trail,No,,,
4/24/2019,Wednesday,Midday,Austin,2.5,0.41,6.1,0,Treadmill,No,72,72,72
4/23/2019,Tuesday,Morning,Austin,6.15,1.08,5.7,257,Road,No,,,
4/22/2019,Monday,Midday,Austin,6.83,1.27,5.4,202,Mixed,No,,,
4/21/2019,Sunday,Evening,Austin,6.27,1.19,5.3,186,Mixed,No,,,
4/20/2019,Saturday,Midday,Austin,21.01,3.72,5.7,617,Trail,No,,,
4/19/2019,Friday,Midday,Austin,8,1.33,6,288,Trail,No,,,
4/18/2019,Thursday,Evening,Austin,8.74,1.57,5.6,294,Mixed,No,,,
4/17/2019,Wednesday,Night,Austin,2.39,0.38,6.4,70,Road,No,,,
4/16/2019,Tuesday,Afternoon,Austin,6,1.03,5.8,242,Trail,No,,,
4/15/2019,Monday,Midday,Austin,6.1,1.02,6,183,Trail,No,,,
4/14/2019,Sunday,Midday,Austin,6.71,1.1,6.1,250,Trail,No,,,
4/13/2019,Saturday,Morning,Austin,9.3,1.59,5.8,319,Trail,No,,,
4/12/2019,Friday,Morning,Austin,8.55,1.29,6.6,350,Mixed,No,,,
4/11/2019,Thursday,Midday,Austin,5.69,1.06,5.4,204,Mixed,No,,,
4/10/2019,Wednesday,Midday,Austin,6.66,1.16,5.8,281,Mixed,No,,,
4/9/2019,Tuesday,Midday,Austin,6,1.1,5.5,216,Trail,No,,,
4/8/2019,Monday,Afternoon,Austin,8.72,1.59,5.5,299,Trail,No,,,
4/7/2019,Sunday,Morning,Austin,4.64,0.8,5.8,219,Mixed,No,,,
4/6/2019,Saturday,Morning,Austin,16.7,3.21,5.2,1022,Trail,Yes,,,
4/5/2019,Friday,Midday,Austin,7.14,1.37,5.2,262,Trail,No,,,
4/4/2019,Thursday,Midday,Austin,5.54,1.07,5.2,184,Trail,No,,,
4/3/2019,Wednesday,Afternoon,Austin,3.01,0.49,6.1,218,Road,No,,,
4/2/2019,Tuesday,Midday,Austin,7.2,1.24,5.8,222,Trail,No,,,
4/1/2019,Monday,Midday,Austin,6.06,0.93,6.5,165,Trail,No,,,
3/31/2019,Sunday,Midday,Austin,6,1.08,5.5,145,Trail,No,,,
3/30/2019,Saturday,Morning,Austin,9.41,1.54,6.1,307,Mixed,No,,,
3/29/2019,Friday,Morning,Austin,8.48,1.34,6.3,360,Mixed,No,,,
3/28/2019,Thursday,Morning,Austin,6.22,1.08,5.8,202,Mixed,No,,,
3/27/2019,Wednesday,Afternoon,Austin,6.89,1.22,5.7,295,Mixed,No,,,
3/26/2019,Tuesday,Morning,Austin,7.1,1.22,5.8,359,Mixed,No,,,
3/25/2019,Monday,Morning,Austin,7.2,1.34,5.4,243,Trail,No,,,
3/24/2019,Sunday,Evening,Austin,4.02,0.81,4.9,187,Trail,No,,,
3/23/2019,Saturday,Morning,Austin,8,1.39,5.8,185,Trail,No,,,
3/22/2019,Friday,Midday,Austin,6.04,1.14,5.3,202,Trail,No,,,
3/21/2019,Thursday,Morning,Austin,10.11,1.79,5.6,277,Trail,No,,,
3/19/2019,Tuesday,Morning,Austin,7.81,1.33,5.9,198,Trail,No,,,
3/18/2019,Monday,Night,Austin,4.07,0.76,5.4,226,Road,No,,,
3/17/2019,Sunday,Evening,Austin,8.6,1.67,5.2,765,Road,No,,,
3/16/2019,Saturday,Morning,Austin,20,4.06,4.9,1207,Mixed,No,,,
3/14/2019,Thursday,Midday,Austin,6.36,0.93,6.8,284,Mixed,No,,,
3/13/2019,Wednesday,Midday,Austin,4.01,0.69,5.8,257,Road,No,,,
3/12/2019,Tuesday,Midday,Austin,4.59,0.84,5.5,218,Mixed,No,,,
3/11/2019,Monday,Morning,Austin,7,1.16,6.1,228,Trail,No,,,
3/8/2019,Friday,Morning,Austin,5.09,0.97,5.2,207,Road,No,,,
3/5/2019,Tuesday,Morning,Austin,2.28,0.44,5.2,86,Road,No,,,
3/4/2019,Monday,Afternoon,Austin,4.81,0.97,5,220,Trail,No,,,
3/1/2019,Friday,Afternoon,Austin,3,0.51,5.9,138,Road,No,,,
2/28/2019,Thursday,Morning,Austin,4.14,0.76,5.4,153,Trail,No,,,
2/27/2019,Wednesday,Afternoon,Austin,4.01,0.77,5.2,87,Trail,No,,,
2/22/2019,Friday,Morning,Cat Spring,100,31,3.2,2190,Trail,Yes,50,61,71
2/20/2019,Wednesday,Midday,Austin,3.2,0.53,6.1,86,Trail,No,,,
2/17/2019,Sunday,Morning,Austin,13.47,2.48,5.4,720,Road,Yes,,,
2/16/2019,Saturday,Midday,Austin,2.34,0.38,6.1,89,Road,No,,,
2/15/2019,Friday,Morning,Austin,6,1.07,5.6,236,Trail,No,,,
2/14/2019,Thursday,Morning,Austin,5.32,0.92,5.8,251,Road,No,,,
2/13/2019,Wednesday,Morning,Austin,3.26,0.56,5.8,130,Road,No,,,
2/12/2019,Tuesday,Morning,Austin,5.54,1.04,5.3,235,Trail,No,,,
2/11/2019,Monday,Afternoon,Austin,2.09,0.36,5.9,113,Road,No,,,
2/11/2019,Monday,Morning,Austin,4.1,0.73,5.6,111,Trail,No,,,
2/9/2019,Saturday,Midday,Austin,5.03,0.92,5.5,135,Road,No,,,
2/8/2019,Friday,Morning,Austin,4.37,0.93,4.7,145,Trail,No,,,
2/7/2019,Thursday,Evening,Austin,1,0.18,5.5,32,Road,No,,,
2/6/2019,Wednesday,Morning,Austin,2.9,0.53,5.5,113,Road,No,,,
2/2/2019,Saturday,Morning,Hunstville,98.64,29.78,3.3,5483,Trail,Yes,56,60,67
1/31/2019,Thursday,Morning,Austin,3.07,0.51,6,54,Road,No,,,
1/30/2019,Wednesday,Midday,Austin,2.41,0.39,6.3,90,Road,No,,,
1/29/2019,Tuesday,Morning,Austin,4.67,0.86,5.4,250,Road,No,,,
1/28/2019,Monday,Midday,Austin,6.2,1.01,6.1,209,Trail,No,,,
1/27/2019,Sunday,Afternoon,Austin,4.03,0.66,6.1,95,Trail,No,,,
1/26/2019,Saturday,Midday,Austin,2.3,0.42,5.5,93,Road,No,,,
1/25/2019,Friday,Midday,Austin,4.73,0.75,6.3,151,Road,No,,,
1/24/2019,Thursday,Morning,Austin,4.11,0.74,5.6,153,Trail,No,,,
1/23/2019,Wednesday,Morning,Austin,7.3,1.26,5.8,273,Trail,No,,,
1/22/2019,Tuesday,Afternoon,Austin,3.38,0.59,5.7,163,Road,No,,,
1/21/2019,Monday,Afternoon,Austin,3.13,0.51,6.2,142,Road,No,,,
1/20/2019,Sunday,Morning,Austin,6.02,1.17,5.1,229,Trail,No,,,
1/19/2019,Saturday,Afternoon,Austin,2.32,0.36,6.5,141,Road,No,,,
1/18/2019,Friday,Morning,Austin,7.71,1.34,5.8,226,Trail,No,,,
1/17/2019,Thursday,Morning,Austin,4.1,0.87,4.7,132,Trail,No,,,
1/16/2019,Wednesday,Morning,Austin,6.69,1.1,6.1,287,Mixed,No,,,
1/15/2019,Tuesday,Midday,Austin,8.4,1.5,5.6,260,Trail,No,,,
1/14/2019,Monday,Afternoon,Austin,6.8,1.06,6.4,289,Mixed,No,,,
1/13/2019,Sunday,Midday,Austin,6.31,1.08,5.9,225,Mixed,No,,,
1/12/2019,Saturday,Morning,Austin,3.91,0.87,4.5,141,Trail,No,,,
1/11/2019,Friday,Morning,Austin,30,5.72,5.2,1104,Trail,No,,,
1/10/2019,Thursday,Morning,Austin,4.92,0.83,5.9,229,Trail,No,,,
1/9/2019,Wednesday,Midday,Austin,4.36,0.7,6.2,192,Road,No,,,
1/8/2019,Tuesday,Morning,Austin,8.5,1.41,6,367,Trail,No,,,
1/7/2019,Monday,Midday,Austin,1.04,0.19,5.5,10,Road,No,,,
1/7/2019,Monday,Midday,Austin,6.1,1.16,5.2,110,Trail,No,,,
1/6/2019,Sunday,Evening,Austin,1.19,0.17,7.1,0,Trail,No,,,
1/5/2019,Saturday,Morning,Austin,12.11,2.11,5.7,482,Trail,No,,,
1/4/2019,Friday,Morning,Austin,7.01,1.03,6.8,226,Trail,No,,,
1/3/2019,Thursday,Midday,Austin,2.29,0.35,6.5,90,Road,No,,,
1/3/2019,Thursday,Morning,Austin,4.5,0.76,5.9,67,Trail,No,,,
1/2/2019,Wednesday,Midday,Austin,2.33,0.38,6.2,90,Road,No,,,
1/1/2019,Tuesday,Evening,Austin,6.03,1.14,5.3,280,Trail,No,,,
12/31/2018,Monday,Midday,Austin,4.4,0.68,6.5,254,Road,No,,,
12/31/2018,Monday,Morning,Austin,6.51,1.13,5.8,118,Trail,No,,,
12/30/2018,Sunday,Midday,Austin,8.39,1.52,5.5,308,Trail,No,,,
12/29/2018,Saturday,Afternoon,Austin,1.51,0.24,6.3,82,Road,No,,,
12/28/2018,Friday,Morning,Austin,8,1.36,5.9,146,Trail,No,,,
12/27/2018,Thursday,Midday,Austin,6.02,0.97,6.2,266,Mixed,No,,,
12/26/2018,Wednesday,Afternoon,Austin,5.03,0.85,5.9,106,Road,No,,,
12/25/2018,Tuesday,Midday,Dallas,10.39,1.62,6.4,254,Trail,No,57,61,65
12/24/2018,Monday,Morning,Austin,6,0.97,6.2,228,Trail,No,,,
12/23/2018,Sunday,Morning,Austin,6,1.03,5.8,226,Trail,No,,,
12/22/2018,Saturday,Morning,Austin,10.2,1.77,5.8,251,Trail,No,,,
12/21/2018,Friday,Evening,Austin,5,0.82,6.1,230,Road,No,,,
12/20/2018,Thursday,Morning,Austin,7.03,1.23,5.7,223,Trail,No,,,
12/19/2018,Wednesday,Afternoon,Austin,5.22,0.85,6.2,258,Mixed,No,,,
12/18/2018,Tuesday,Morning,Austin,7,1.12,6.3,221,Trail,No,,,
12/17/2018,Monday,Midday,Austin,6,0.93,6.4,255,Mixed,No,,,
12/16/2018,Sunday,Evening,Austin,7.04,1.19,5.9,216,Road,No,,,
12/15/2018,Saturday,Afternoon,Austin,5.57,0.98,5.7,228,Trail,No,,,
12/14/2018,Friday,Midday,Austin,6.03,1.09,5.5,241,Trail,No,,,
12/13/2018,Thursday,Morning,Austin,6.01,1.17,5.2,214,Road,No,,,
12/8/2018,Saturday,Morning,Needville,67,15,4.5,472,Trail,Yes,44,48,55
12/2/2018,Sunday,Morning,Austin,6.4,1.07,6,263,Mixed,No,,,
12/1/2018,Saturday,Afternoon,Austin,8.07,1.57,5.1,267,Mixed,No,,,
11/29/2018,Thursday,Evening,Austin,4.07,0.74,5.5,222,Road,No,,,
11/28/2018,Wednesday,Midday,Austin,6,0.99,6.1,321,Road,No,,,
11/27/2018,Tuesday,Evening,Austin,6,1.09,5.5,320,Mixed,No,,,
11/26/2018,Monday,Evening,Austin,4.05,0.74,5.5,187,Road,No,,,
11/25/2018,Sunday,Midday,Austin,7.23,1.38,5.2,336,Mixed,No,,,
11/24/2018,Saturday,Evening,Austin,6.1,1.16,5.3,291,Mixed,No,,,
11/23/2018,Friday,Midday,Austin,7.1,1.34,5.3,336,Mixed,No,,,
11/22/2018,Thursday,Morning,Austin,9.73,1.79,5.4,328,Mixed,No,,,
11/21/2018,Wednesday,Midday,Austin,3.6,0.6,6,155,Road,No,,,
11/20/2018,Tuesday,Afternoon,Austin,1.8,0.32,5.7,82,Road,No,,,
11/17/2018,Saturday,Morning,Austin,51.27,11.48,4.5,2653,Trail,Yes,,,
11/15/2018,Thursday,Afternoon,Austin,3.11,0.53,5.9,156,Road,No,,,
11/14/2018,Wednesday,Morning,Austin,6.82,1.19,5.8,358,Road,No,,,
11/13/2018,Tuesday,Evening,Austin,6.63,1.11,6,281,Mixed,No,,,
11/12/2018,Monday,Morning,Austin,3.21,0.53,6.1,134,Road,No,,,
11/11/2018,Sunday,Morning,Austin,6.29,1.11,5.7,398,Road,No,,,
11/10/2018,Saturday,Morning,Austin,11.16,1.96,5.7,330,Trail,No,,,
11/9/2018,Friday,Morning,Austin,9,1.54,5.8,380,Trail,No,,,
11/7/2018,Wednesday,Evening,Austin,2.7,0.49,5.5,192,Road,No,,,
11/6/2018,Tuesday,Afternoon,Austin,6,1.12,5.4,297,Road,No,,,
11/4/2018,Sunday,Afternoon,Austin,2.81,0.54,5.2,131,Road,No,,,
11/3/2018,Saturday,Midday,Austin,2.16,0.4,5.3,61,Road,No,,,
11/1/2018,Thursday,Afternoon,Austin,1.12,0.24,4.7,28,Road,No,,,
10/31/2018,Wednesday,Evening,Austin,3,0.56,5.4,163,Road,No,,,
10/30/2018,Tuesday,Evening,Austin,1,0.2,4.9,0,Road,No,,,
10/27/2018,Saturday,Morning,Crockett,32.57,5.47,6,4147,Trail,Yes,54,67,82
10/25/2018,Thursday,Evening,Austin,6,1.12,5.4,191,Mixed,No,,,
10/24/2018,Wednesday,Midday,Austin,4.2,0.71,5.9,0,Treadmill,No,72,72,72
10/23/2018,Tuesday,Morning,Austin,6.26,1.08,5.8,285,Mixed,No,,,
10/21/2018,Sunday,Midday,Austin,8.68,1.37,6.4,345,Mixed,No,,,
10/20/2018,Saturday,Midday,Austin,6.45,1.01,6.4,289,Mixed,No,,,
10/19/2018,Friday,Afternoon,Austin,7.21,1.16,6.2,279,Road,No,,,
10/18/2018,Thursday,Evening,Austin,7,1.25,5.6,279,Road,No,,,
10/17/2018,Wednesday,Midday,Austin,7.01,1.14,6.1,344,Road,No,,,
10/16/2018,Tuesday,Afternoon,Austin,7.76,1.34,5.8,262,Road,No,,,
10/15/2018,Monday,Morning,Austin,6.58,1.07,6.1,273,Mixed,No,,,
10/14/2018,Sunday,Midday,Austin,4.1,0.73,5.6,0,Treadmill,No,72,72,72
10/13/2018,Saturday,Afternoon,Austin,6.1,1.02,6,0,Treadmill,No,72,72,72
10/12/2018,Friday,Evening,Austin,6.7,1.17,5.7,0,Treadmill,No,72,72,72
10/11/2018,Thursday,Evening,Austin,6.69,1.21,5.5,299,Mixed,No,,,
10/10/2018,Wednesday,Morning,Austin,6.3,1.06,6,311,Mixed,No,,,
10/9/2018,Tuesday,Afternoon,Austin,4,0.76,5.3,197,Mixed,No,,,
10/9/2018,Tuesday,Evening,Austin,2,0.35,5.7,0,Treadmill,No,72,72,72
10/8/2018,Monday,Midday,Austin,6.1,1,6.1,0,Treadmill,No,72,72,72
10/7/2018,Sunday,Midday,Austin,7,1.07,6.6,0,Treadmill,No,72,72,72
10/6/2018,Saturday,Midday,Austin,4.41,0.78,5.6,118,Road,No,,,
10/4/2019,Thursday,Evening,Austin,3.75,0.75,5,149,Road,No,,,
10/3/2019,Wednesday,Midday,Austin,6.3,1.15,5.5,0,Treadmill,No,72,72,72
10/2/2019,Tuesday,Afternoon,Austin,6.5,1.18,5.5,0,Treadmill,No,72,72,72
10/1/2019,Monday,Morning,Austin,7.26,1.27,5.7,269,Mixed,No,,,
9/30/2019,Sunday,Midday,Austin,5.5,0.95,5.8,0,Treadmill,No,72,72,72
9/29/2019,Saturday,Morning,Austin,15.63,2.54,6.1,457,Trail,No,,,
9/27/2018,Thursday,Morning,Austin,6.5,1.12,5.8,255,Mixed,No,,,
9/26/2018,Wednesday,Afternoon,Austin,6.2,0.97,6.4,0,Treadmill,No,72,72,72
9/25/2018,Tuesday,Evening,Austin,6,1.02,5.9,0,Treadmill,No,72,72,72
9/24/2018,Monday,Afternoon,Austin,6,1.03,5.8,0,Treadmill,No,72,72,72
9/23/2018,Sunday,Morning,Austin,5.33,1.01,5.3,172,Mixed,No,,,
9/23/2018,Sunday,Morning,Austin,3.54,0.75,4.7,186,Road,No,,,
9/22/2018,Saturday,Morning,Austin,6,1.3,4.6,0,Treadmill,No,72,72,72
9/20/2018,Thursday,Evening,Austin,7.59,1.36,5.6,265,Trail,No,,,
9/19/2018,Wednesday,Evening,Austin,2.4,0.48,5,156,Road,No,,,
9/18/2018,Tuesday,Evening,Austin,3.4,0.64,5.3,141,Road,No,,,
9/16/2018,Sunday,Morning,Austin,14.73,2.07,7.1,1025,Trail,Yes,,,
9/15/2018,Saturday,Morning,Austin,8.9,1.75,5.1,617,Trail,Yes,,,
9/13/2018,Thursday,Evening,Austin,4.24,0.74,5.7,181,Road,No,,,
9/12/2018,Wednesday,Afternoon,Austin,1,0.2,5,0,Treadmill,No,72,72,72
9/11/2018,Tuesday,Evening,Austin,5.63,0.96,5.9,268,Mixed,No,,,
9/10/2018,Monday,Morning,Austin,7.66,1.13,6.8,351,Trail,No,,,
9/9/2018,Sunday,Afternoon,Austin,8.63,1.55,5.6,466,Road,No,,,
9/8/2018,Saturday,Evening,Austin,2.2,0.37,6,111,Road,No,,,
9/7/2018,Friday,Morning,Austin,7.01,1.25,5.6,432,Road,No,,,
9/5/2018,Wednesday,Morning,Austin,6,1.02,5.9,0,Treadmill,No,72,72,72
9/4/2018,Tuesday,Afternoon,Austin,5.8,1.04,5.6,277,Mixed,No,,,
9/1/2018,Saturday,Morning,Austin,6.34,1.11,5.7,826,Trail,Yes,,,
8/31/2018,Friday,Morning,Austin,2.4,0.41,5.9,116,Road,No,,,
8/29/2018,Wednesday,Morning,Austin,7,1.18,5.9,232,Mixed,No,,,
8/28/2018,Tuesday,Morning,Austin,8.83,1.73,5.1,374,Trail,No,,,
8/26/2018,Sunday,Evening,Austin,3.2,0.58,5.5,127,Road,No,,,
8/25/2018,Saturday,Morning,Austin,8.51,1.47,5.8,336,Trail,No,,,
8/24/2018,Friday,Morning,Austin,8.75,1.52,5.8,337,Trail,No,,,
8/23/2018,Thursday,Midday,Austin,3.7,0.72,5.2,0,Treadmill,No,72,72,72
8/21/2018,Tuesday,Midday,Austin,4.5,0.75,6,0,Treadmill,No,72,72,72
8/20/2018,Monday,Midday,Austin,6.4,1.12,5.7,0,Treadmill,No,72,72,72
8/19/2018,Sunday,Morning,Austin,6.42,1.15,5.6,284,Mixed,No,,,
8/17/2018,Friday,Morning,Austin,5.04,0.99,5.1,239,Mixed,No,,,
8/16/2018,Thursday,Midday,Austin,6.2,1.09,5.7,0,Treadmill,No,72,72,72
8/15/2018,Wednesday,Midday,Austin,6.1,1.07,5.7,0,Treadmill,No,72,72,72
8/13/2018,Monday,Midday,Austin,2.45,0.43,5.7,91,Road,No,,,
8/12/2018,Sunday,Afternoon,Austin,4.5,7.23,0.6,0,Treadmill,No,72,72,72
8/11/2018,Saturday,Morning,Austin,15,2.75,5.5,545,Trail,No,,,
8/10/2018,Friday,Morning,Austin,8.1,1.34,6,344,Trail,No,,,
8/9/2018,Thursday,Morning,Austin,2.31,0.38,6,86,Road,No,,,
8/8/2018,Wednesday,Morning,Austin,6.31,1.15,5.5,321,Trail,No,,,
8/7/2018,Tuesday,Morning,Austin,7,1.15,6.1,0,Treadmill,No,72,72,72
8/3/2018,Friday,Morning,Cabo San Lucas,6,1.15,5.2,1000,Trail,No,79,,95
8/2/2018,Thursday,Morning,Cabo San Lucas,4,0.77,5.2,580,Road,No,81,,91
8/1/2018,Wednesday,Morning,Cabo San Lucas,7,1.38,5.1,1082,Mixed,No,79,,95
7/31/2018,Tuesday,Morning,Cabo San Lucas,2.03,0.43,4.7,344,Mixed,No,88,,93
7/30/2018,Monday,Morning,Cabo San Lucas,6.52,1.27,5.1,845,Trail,No,81,,92
7/29/2018,Sunday,Morning,Cabo San Lucas,4,0.69,5.8,476,Mixed,No,79,,93
7/27/2018,Friday,Midday,Austin,7,1.21,5.8,147,Road,No,,,
7/25/2018,Wednesday,Midday,Austin,6.2,1.02,6.1,0,Treadmill,No,72,72,72
7/22/2018,Sunday,Midday,Austin,3.1,0.53,5.8,0,Treadmill,No,72,72,72
7/21/2018,Saturday,Morning,Austin,12.01,2.12,5.7,391,Trail,No,,,
7/20/2018,Friday,Midday,Austin,6,1.01,5.9,0,Treadmill,No,72,72,72
7/19/2018,Thursday,Midday,Austin,3.1,0.6,5.2,0,Treadmill,No,72,72,72
7/17/2018,Tuesday,Morning,Austin,8,1.39,5.8,200,Trail,No,,,
7/16/2018,Monday,Morning,Austin,9,1.63,5.5,256,Road,No,,,
7/15/2018,Sunday,Night,Austin,4,0.68,5.9,117,Road,No,,,
7/14/2018,Saturday,Morning,Austin,6.1,1,6.1,124,Trail,No,,,
7/13/2018,Friday,Morning,Austin,6.2,1.19,5.2,89,Road,No,,,
7/11/2018,Wednesday,Morning,Austin,6,0.97,6.2,127,Trail,No,,,
7/10/2018,Tuesday,Morning,Austin,7.6,1.33,5.7,133,Road,No,,,
7/9/2018,Monday,Evening,Austin,2.31,0.36,6.3,92,Road,No,,,
7/8/2018,Sunday,Morning,Austin,6.01,1.13,5.3,183,Road,No,,,
7/6/2018,Friday,Morning,Austin,6.5,1.22,5.3,0,Treadmill,No,72,72,72
7/4/2018,Wednesday,Morning,Austin,3.5,0.55,6.3,116,Road,No,,,
7/2/2018,Monday,Afternoon,Austin,3.91,0.64,6.1,157,Trail,No,,,
7/1/2018,Sunday,Morning,Austin,6.52,1.18,5.5,275,Mixed,No,,,
6/30/2018,Saturday,Morning,Austin,1.6,0.27,5.9,69,Road,No,,,
6/30/2018,Saturday,Morning,Austin,4.4,0.88,5,188,Road,No,,,
6/29/2018,Friday,Morning,Austin,3.3,0.54,6.2,0,Treadmill,No,72,72,72
6/29/2018,Friday,Morning,Austin,3.51,0.62,5.7,214,Mixed,No,,,
6/28/2018,Thursday,Midday,Austin,6,0.95,6.3,0,Treadmill,No,72,72,72
6/28/2018,Thursday,Midday,Austin,2.27,0.39,5.8,90,Road,No,,,
6/27/2018,Wednesday,Midday,Austin,4.3,0.68,6.3,0,Treadmill,No,72,72,72
6/27/2018,Wednesday,Midday,Austin,2.21,0.38,5.8,89,Road,No,,,
6/26/2018,Tuesday,Morning,Austin,6,0.99,6,217,Mixed,No,,,
6/25/2018,Monday,Midday,Austin,2,0.35,5.8,0,Treadmill,No,72,72,72
6/25/2018,Monday,Morning,Austin,1.96,0.35,5.6,63,Road,No,,,
6/24/2018,Sunday,Morning,Austin,5.8,1.02,5.7,280,Trail,No,,,
6/23/2018,Saturday,Morning,Austin,2,0.38,5.3,90,Road,No,,,
6/21/2018,Thursday,Morning,Austin,5.26,0.97,5.4,193,Trail,No,,,
6/20/2018,Wednesday,Morning,Austin,6,1,6,0,Treadmill,No,72,72,72
6/19/2018,Tuesday,Morning,Austin,4,0.76,5.3,219,Mixed,No,,,
6/18/2018,Monday,Midday,Austin,2,0.38,5.3,100,Road,No,,,
6/17/2018,Sunday,Morning,Austin,14.33,3.22,4.4,874,Mixed,No,,,
6/16/2018,Saturday,Morning,Austin,8.19,1.5,5.5,320,Mixed,No,,,
6/13/2018,Wednesday,Midday,Austin,4,0.72,5.6,0,Treadmill,No,72,72,72
6/12/2018,Tuesday,Evening,Austin,2.1,0.37,5.7,0,Treadmill,No,72,72,72
6/11/2018,Monday,Morning,Austin,2.13,0.39,5.4,83,Road,No,,,
6/9/2018,Saturday,Morning,Austin,5.4,1,5.4,250,Road,No,,,
6/8/2018,Friday,Morning,Austin,7,1.2,5.8,515,Road,No,,,
6/7/2018,Thursday,Morning,Austin,6.57,1.24,5.3,217,Trail,No,,,
6/5/2018,Tuesday,Morning,Austin,2.5,0.43,5.8,131,Road,No,,,
6/4/2018,Monday,Morning,Austin,9.5,1.77,5.4,610,Mixed,No,,,
6/3/2018,Sunday,Morning,Austin,4.11,0.8,5.1,174,Mixed,No,,,
6/2/2018,Saturday,Morning,Austin,7.22,1.27,5.7,318,Trail,No,,,
6/1/2018,Friday,Morning,Austin,2.22,0.4,5.6,90,Trail,No,,,
5/31/2018,Thursday,Morning,Austin,2.1,0.38,5.5,0,Treadmill,No,72,72,72
5/30/2018,Wednesday,Morning,Austin,8.63,1.59,5.4,333,Trail,No,,,
5/29/2018,Tuesday,Morning,Austin,5,0.92,5.5,231,Trail,No,,,
5/28/2018,Monday,Afternoon,Austin,2.2,0.35,6.3,0,Treadmill,No,72,72,72
5/27/2018,Sunday,Morning,Austin,8,1.32,6,183,Trail,No,,,
5/26/2018,Saturday,Morning,Austin,6.26,1.14,5.5,106,Trail,No,,,
5/25/2018,Friday,Morning,Austin,8,1.55,5.2,134,Mixed,No,,,
5/23/2018,Wednesday,Midday,Austin,5.4,0.98,5.5,263,Mixed,No,,,
5/22/2018,Tuesday,Evening,Austin,3,0.55,5.5,167,Trail,No,,,
5/21/2018,Monday,Morning,Austin,6.25,1.13,5.5,142,Mixed,No,,,
5/19/2018,Saturday,Morning,Graford,20.39,4.12,4.9,1947,Mixed,Yes,74,83,93
5/17/2018,Thursday,Morning,Austin,6.16,1.13,5.5,142,Trail,No,,,
5/16/2018,Wednesday,Evening,Austin,3.11,0.5,6.3,152,Trail,No,,,
5/15/2018,Tuesday,Midday,Austin,2.29,0.4,5.7,81,Road,No,,,
5/14/2018,Monday,Morning,Austin,3.61,0.66,5.5,196,Mixed,No,,,
5/13/2018,Sunday,Morning,Austin,10.01,1.79,5.6,315,Mixed,No,,,
5/12/2018,Saturday,Evening,Austin,2.35,0.39,6,90,Road,No,,,
5/12/2018,Saturday,Evening,Austin,2,0.33,6.1,0,Treadmill,No,72,72,72
5/11/2018,Friday,Evening,Austin,4.81,0.86,5.6,228,Mixed,No,,,
5/8/2018,Tuesday,Afternoon,Austin,6.44,1.21,5.3,226,Trail,No,,,
5/7/2018,Monday,Midday,Austin,6.25,1,6.2,297,Mixed,No,,,
5/6/2018,Sunday,Midday,Austin,3,0.5,6,0,Treadmill,No,72,72,72
5/5/2018,Saturday,Morning,Austin,16.94,3.07,5.5,1321,Trail,Yes,,,
5/3/2018,Thursday,Afternoon,Austin,2,0.35,5.7,87,Road,No,,,
5/2/2018,Wednesday,Midday,Austin,3.4,0.64,5.3,253,Road,No,,,
5/1/2018,Tuesday,Midday,Austin,8.39,1.59,5.3,375,Mixed,No,,,
4/30/2018,Monday,Midday,Austin,6.7,1.19,5.6,513,Road,No,,,
4/29/2018,Sunday,Morning,Austin,8.7,1.67,5.2,484,Trail,No,,,
4/28/2018,Saturday,Morning,Austin,8,1.45,5.5,226,Road,No,,,
4/27/2018,Friday,Midday,Austin,6.3,1.14,5.5,163,Road,No,,,
4/26/2018,Thursday,Evening,Austin,6.2,1.03,6,279,Trail,No,,,
4/25/2018,Wednesday,Morning,Austin,4,0.68,5.9,0,Treadmill,No,72,72,72
4/21/2018,Saturday,Morning,Cleburne,17.3,3.38,5.1,2519,Trail,Yes,55,61,66
4/19/2018,Thursday,Evening,Austin,1,0.15,6.8,73,Road,No,,,
4/18/2018,Wednesday,Evening,Austin,6.21,1.09,5.7,268,Trail,No,,,
4/17/2018,Tuesday,Evening,Austin,6.6,1.01,6.5,239,Mixed,No,,,
4/16/2018,Monday,Afternoon,Austin,4.11,0.66,6.3,270,Road,No,,,
4/15/2018,Sunday,Midday,Austin,9,1.58,5.7,218,Road,No,,,
4/14/2018,Saturday,Afternoon,Austin,5.05,0.9,5.6,187,Road,No,,,
4/13/2018,Friday,Midday,Austin,4,0.74,5.4,126,Road,No,,,
4/12/2018,Thursday,Evening,Austin,5.61,1.05,5.3,229,Mixed,No,,,
4/7/2018,Saturday,Morning,Needville,60.15,13.87,4.3,432,Trail,Yes,48,61,74
3/31/2018,Saturday,Morning,Corpus Christi,3.15,0.4,7.9,61,Road,Yes,69,74,81
3/31/2018,Saturday,Morning,Corpus Christi,2.49,0.51,4.9,10,Trail,No,69,74,81
3/30/2018,Friday,Afternoon,Corpus Christi,5.96,1.16,5.2,140,Trail,No,67,72,78
3/29/2018,Thursday,Evening,Austin,6.53,1.16,5.6,295,Mixed,No,,,
3/28/2018,Wednesday,Evening,Austin,6.6,1.3,5.1,294,Mixed,No,,,
3/27/2018,Tuesday,Evening,Austin,2.02,0.35,5.7,143,Road,No,,,
3/25/2018,Sunday,Evening,Austin,1.8,0.34,5.2,61,Road,No,,,
3/24/2018,Saturday,Morning,San Felipe,3.39,0.45,7.6,41,Trail,Yes,70,74,82
3/24/2018,Saturday,Morning,San Felipe,6.62,1,6.6,84,Trail,Yes,70,74,82
3/24/2018,Saturday,Morning,San Felipe,13.33,2.35,5.7,179,Trail,Yes,70,74,82
3/23/2018,Friday,Morning,Austin,6.2,1.12,5.6,194,Trail,No,,,
3/22/2018,Thursday,Evening,Austin,6.55,1.23,5.3,285,Mixed,No,,,
3/21/2018,Wednesday,Afternoon,Austin,9.89,1.76,5.6,423,Mixed,No,,,
3/20/2018,Tuesday,Morning,Austin,6.1,1.21,5.1,269,Mixed,No,,,
3/19/2018,Monday,Midday,Austin,8.13,1.47,5.5,323,Mixed,No,,,
3/18/2018,Sunday,Midday,Austin,10,1.98,5,439,Trail,No,,,
3/17/2018,Saturday,Midday,Austin,12,2.4,5,300,Mixed,No,,,
3/15/2018,Thursday,Midday,Austin,6.2,1,6.2,0,Treadmill,No,72,72,72
3/12/2018,Monday,Midday,Austin,6,1.05,5.7,0,Treadmill,No,72,72,72
3/10/2018,Saturday,Morning,San Angelo,30.98,5.93,5.2,977,Trail,Yes,57,71,89
3/7/2018,Wednesday,Morning,Austin,6,1.05,5.7,262,Mixed,No,,,
3/6/2018,Tuesday,Evening,Austin,8.26,1.41,5.9,386,Trail,No,,,
3/5/2018,Monday,Afternoon,Austin,7.66,1.28,6,374,Trail,No,,,
3/3/2018,Saturday,Morning,Austin,4.63,0.98,4.7,148,Trail,No,,,
2/24/2018,Saturday,Morning,Cat Spring,29,6,4.8,635,Trail,Yes,73,75,80
2/20/2018,Tuesday,Morning,Austin,8,1.33,6,420,Mixed,No,,,
2/19/2018,Monday,Morning,Austin,8.04,1.33,6.1,215,Mixed,No,,,
2/18/2018,Sunday,Morning,Austin,13.88,2.2,6.3,714,Road,Yes,,,
2/17/2018,Saturday,Afternoon,Austin,4.07,0.71,5.7,188,Road,No,,,
2/16/2018,Friday,Evening,Austin,7,1.43,4.9,400,Trail,No,,,
2/15/2018,Thursday,Evening,Austin,8.68,1.44,6,679,Road,No,,,
2/14/2018,Wednesday,Afternoon,Austin,4.35,0.72,6.1,261,Road,No,,,
2/13/2018,Tuesday,Evening,Austin,8.5,1.38,6.1,0,Treadmill,No,72,72,72
2/12/2018,Monday,Evening,Austin,4.02,0.6,6.7,109,Road,No,,,
2/10/2018,Saturday,Midday,Austin,10.5,2.03,5.2,632,Trail,No,,,
2/9/2018,Friday,Morning,Austin,4.3,0.81,5.3,224,Road,No,,,
2/8/2018,Thursday,Evening,Austin,4.95,0.87,5.7,209,Road,No,,,
2/7/2018,Wednesday,Midday,Austin,7,1.01,6.9,284,Road,No,,,
2/5/2018,Monday,Midday,Austin,6.02,0.91,6.6,282,Road,No,,,
2/3/2018,Saturday,Evening,Austin,3,0.47,6.4,112,Road,No,,,
2/1/2018,Thursday,Evening,Austin,6.34,1.08,5.9,270,Mixed,No,,,
1/31/2018,Wednesday,Midday,Austin,6.1,1.02,6,268,Mixed,No,,,
1/29/2018,Monday,Afternoon,Austin,5.42,0.9,6,239,Mixed,No,,,
1/28/2018,Sunday,Morning,Austin,10.8,2.16,5,675,Trail,No,,,
1/27/2018,Saturday,Afternoon,Austin,3.3,0.55,6,0,Treadmill,No,72,72,72
1/26/2018,Friday,Morning,Austin,12.3,2.03,6,488,Trail,No,,,
1/25/2018,Thursday,Evening,Austin,5.81,0.98,5.9,202,Road,No,,,
1/24/2018,Wednesday,Midday,Austin,6.01,1.06,5.7,250,Trail,No,,,
1/23/2018,Tuesday,Evening,Austin,7.4,1.21,6.1,374,Trail,No,,,
1/22/2018,Monday,Afternoon,Austin,8,1.4,5.7,251,Trail,No,,,
1/21/2018,Sunday,Midday,Austin,5,0.95,5.3,146,Road,No,,,
1/20/2018,Saturday,Midday,Austin,10.62,1.84,5.8,333,Road,No,,,
1/19/2018,Friday,Morning,Austin,10,1.92,5.2,450,Trail,No,,,
1/18/2018,Thursday,Evening,Austin,6,1.06,5.7,276,Mixed,No,,,
1/17/2018,Wednesday,Midday,Austin,7,1.17,6,260,Mixed,No,,,
1/16/2018,Tuesday,Afternoon,Austin,6,1.11,5.4,257,Mixed,No,,,
1/14/2018,Sunday,Morning,Big Bend,30.18,5.92,5.1,1837,Trail,Yes,33,47,62
1/11/2018,Thursday,Morning,Austin,6.28,1.06,5.9,305,Mixed,No,,,
1/10/2018,Wednesday,Midday,Austin,5.71,0.95,6,199,Road,No,,,
1/9/2018,Tuesday,Morning,Austin,4.04,0.56,7.2,188,Road,No,,,
1/8/2018,Monday,Midday,Austin,6.32,1.08,5.9,189,Road,No,,,
1/7/2018,Sunday,Afternoon,Austin,6,0.89,6.8,201,Road,No,,,
1/6/2018,Saturday,Morning,Austin,10,1.68,5.9,212,Trail,No,,,
1/5/2018,Friday,Midday,Austin,10,1.62,6.2,325,Mixed,No,,,
1/4/2018,Thursday,Midday,Austin,6.38,1.05,6.1,236,Road,No,,,
1/3/2018,Wednesday,Morning,Austin,6,1.08,5.5,166,Road,No,,,
1/2/2018,Tuesday,Morning,Austin,16.04,2.82,5.7,444,Trail,No,,,
1/1/2018,Monday,Midday,Austin,6.01,0.88,6.9,198,Road,No,,,
12/31/2017,Sunday,Midday,Austin,10.15,1.66,6.1,240,Trail,No,,,
12/30/2017,Saturday,Evening,Austin,6.05,0.95,6.3,219,Road,No,,,
12/29/2017,Friday,Morning,Austin,9,1.45,6.2,254,Trail,No,,,
12/28/2017,Thursday,Midday,Austin,8,1.22,6.6,220,Trail,No,,,
12/27/2017,Wednesday,Morning,Austin,9,1.35,6.7,243,Trail,No,,,
12/26/2017,Tuesday,Afternoon,Austin,4,0.54,7.5,58,Trail,No,,,
12/25/2017,Monday,Midday,Austin,8.19,1.3,6.3,171,Mixed,No,,,
12/24/2017,Sunday,Morning,Austin,8.1,1.39,5.8,216,Mixed,No,,,
12/23/2017,Saturday,Midday,Austin,7.01,0.97,7.2,207,Mixed,No,,,
12/22/2017,Friday,Afternoon,Austin,6.8,0.94,7.2,143,Mixed,No,,,
12/21/2017,Thursday,Afternoon,Austin,7.5,1.25,6,0,Treadmill,No,72,72,72
12/20/2017,Wednesday,Afternoon,Austin,8.48,1.39,6.1,336,Trail,No,,,
12/19/2017,Tuesday,Afternoon,Austin,5,0.83,6.1,331,Road,No,,,
12/18/2017,Monday,Afternoon,Austin,6,0.93,6.4,0,Treadmill,No,72,72,72
12/17/2017,Sunday,Afternoon,Austin,6.01,0.83,7.2,209,Mixed,No,,,
12/16/2017,Saturday,Afternoon,Austin,6.1,0.95,6.4,0,Treadmill,No,72,72,72
12/15/2017,Friday,Evening,Austin,8,1.12,7.1,385,Mixed,No,,,
12/14/2017,Thursday,Evening,Austin,8.14,1.3,6.3,421,Trail,No,,,
12/13/2017,Wednesday,Evening,Austin,8,1.32,6,242,Road,No,,,
12/12/2017,Tuesday,Night,Austin,2.6,0.5,5.2,0,Treadmill,No,72,72,72
12/9/2017,Saturday,Morning,Needville,51.02,10.07,5.1,411,Trail,Yes,31,44,61
12/5/2017,Tuesday,Night,Austin,6,1,6,0,Treadmill,No,72,72,72
12/4/2017,Monday,Night,Austin,3,0.5,6,0,Treadmill,No,72,72,72
12/3/2017,Sunday,Evening,Austin,6.43,1.25,5.1,282,Trail,No,,,
12/2/2017,Saturday,Midday,Austin,5.7,1.01,5.6,257,Mixed,No,,,
12/1/2017,Friday,Midday,Austin,8,1.2,6.7,0,Treadmill,No,72,72,72
11/30/2017,Thursday,Morning,Austin,6.3,1.04,6.1,201,Mixed,No,,,
11/29/2017,Wednesday,Midday,Austin,5,0.92,5.5,221,Trail,No,,,
11/28/2017,Tuesday,Afternoon,Austin,8.11,1.34,6,361,Mixed,No,,,
11/27/2017,Monday,Afternoon,Austin,7.66,1.21,6.3,280,Mixed,No,,,
11/26/2017,Sunday,Afternoon,Austin,6.2,0.99,6.3,233,Road,No,,,
11/25/2017,Saturday,Morning,Austin,13.1,1.88,7,310,Trail,No,,,
11/24/2017,Friday,Morning,Austin,8,1.19,6.7,204,Mixed,No,,,
11/23/2017,Thursday,Morning,Austin,12,2.13,5.6,409,Mixed,No,,,
11/22/2017,Wednesday,Midday,Austin,8.17,1.36,6,244,Trail,No,,,
11/21/2017,Tuesday,Midday,Austin,3,0.5,6,139,Road,No,,,
11/18/2017,Saturday,Morning,Austin,30.17,5.39,5.6,1206,Trail,Yes,,,
11/16/2017,Thursday,Morning,Austin,10.75,1.72,6.2,394,Mixed,No,,,
11/14/2017,Tuesday,Evening,Austin,10,1.32,7.6,459,Mixed,No,,,
11/13/2017,Monday,Evening,Austin,7.21,1.06,6.8,372,Mixed,No,,,
11/12/2017,Sunday,Morning,Austin,8.2,1.29,6.4,294,Road,No,,,
11/9/2017,Thursday,Morning,Austin,12,1.95,6.2,302,Mixed,No,,,
11/8/2017,Wednesday,Evening,Austin,8.1,1.35,6,291,Mixed,No,,,
11/7/2017,Tuesday,Evening,Austin,8.5,1.33,6.4,151,Road,No,,,
11/6/2017,Monday,Evening,Austin,7.07,1.05,6.8,328,Mixed,No,,,
11/5/2017,Sunday,Afternoon,Austin,5.2,0.93,5.6,149,Road,No,,,
11/4/2017,Saturday,Morning,Austin,19.64,3.41,5.8,1089,Mixed,No,,,
11/2/2017,Thursday,Evening,Austin,9.5,1.58,6,258,Road,No,,,
11/1/2017,Wednesday,Morning,Austin,9.01,1.55,5.8,372,Mixed,No,,,
10/31/2017,Tuesday,Night,Austin,10,1.82,5.5,251,Road,No,,,
10/30/2017,Monday,Evening,Austin,6.64,1.17,5.7,296,Mixed,No,,,
10/29/2017,Sunday,Midday,Austin,6,1.1,5.5,210,Road,No,,,
10/28/2017,Saturday,Morning,Austin,19,3.58,5.3,1470,Mixed,No,,,
10/27/2017,Friday,Morning,Austin,11.5,2,5.7,289,Trail,No,,,
10/26/2017,Thursday,Morning,Austin,11.01,1.82,6.1,463,Mixed,No,,,
10/25/2017,Wednesday,Midday,Austin,4.1,0.58,7.1,194,Trail,No,,,
10/24/2017,Tuesday,Morning,Austin,9.21,1.59,5.8,401,Mixed,No,,,
10/24/2017,Tuesday,Afternoon,Austin,2.13,0.34,6.2,114,Road,No,,,
10/23/2017,Monday,Afternoon,Austin,9.61,1.54,6.2,440,Mixed,No,,,
10/22/2017,Sunday,Midday,Austin,6.81,1.16,5.9,208,Road,No,,,
10/22/2017,Sunday,Evening,Austin,2.11,0.36,5.9,81,Road,No,,,
10/21/2017,Saturday,Morning,Austin,13.1,2.12,6.2,357,Trail,No,,,
10/20/2017,Friday,Afternoon,Austin,10,1.75,5.7,317,Road,No,,,
10/19/2017,Thursday,Morning,Austin,6.42,0.95,6.8,273,Mixed,No,,,
10/19/2017,Thursday,Afternoon,Austin,3,0.53,5.7,166,Trail,No,,,
10/18/2017,Wednesday,Morning,Austin,9.02,1.63,5.5,410,Road,No,,,
10/17/2017,Tuesday,Morning,Austin,9.21,1.69,5.4,497,Mixed,No,,,
10/16/2017,Monday,Evening,Austin,8.52,1.5,5.7,447,Mixed,No,,,
10/14/2017,Saturday,Morning,Austin,25.5,4.62,5.5,1656,Mixed,No,,,
10/12/2017,Thursday,Morning,Austin,9,1.44,6.2,445,Road,No,,,
10/11/2017,Wednesday,Evening,Austin,7,1.18,5.9,329,Mixed,No,,,
10/10/2017,Tuesday,Morning,Austin,6.9,1.12,6.2,366,Mixed,No,,,
10/9/2017,Monday,Evening,Austin,6.01,1.05,5.7,267,Mixed,No,,,
10/8/2017,Sunday,Midday,Austin,7.1,1.18,6,210,Mixed,No,,,
10/7/2017,Saturday,Morning,Austin,18.88,3.12,6,1340,Trail,No,,,
10/6/2017,Friday,Evening,Austin,7.63,1.16,6.6,452,Mixed,No,,,
10/5/2017,Thursday,Morning,Austin,8.31,1.42,5.9,372,Mixed,No,,,
10/4/2017,Wednesday,Evening,Austin,6.2,1.02,6.1,279,Road,No,,,
10/3/2017,Tuesday,Evening,Austin,6.67,1.07,6.2,286,Mixed,No,,,
10/2/2017,Monday,Evening,Austin,6,0.95,6.3,289,Trail,No,,,
10/1/2017,Sunday,Afternoon,Austin,6.2,0.9,6.9,0,Treadmill,No,72,72,72
